id,type
3,Ghost
6,Ghost
9,Ghost
10,Ghost
13,Ghost
14,Ghost
15,Ghost
16,Ghost
17,Ghost
18,Ghost
20,Ghost
21,Ghost
24,Ghost
26,Ghost
33,Ghost
38,Ghost
40,Ghost
41,Ghost
42,Ghost
43,Ghost
44,Ghost
46,Ghost
48,Ghost
49,Ghost
50,Ghost
51,Ghost
52,Ghost
53,Ghost
55,Ghost
57,Ghost
59,Ghost
60,Ghost
61,Ghost
63,Ghost
64,Ghost
65,Ghost
66,Ghost
67,Ghost
68,Ghost
74,Ghost
76,Ghost
77,Ghost
78,Ghost
81,Ghost
83,Ghost
87,Ghost
92,Ghost
97,Ghost
98,Ghost
99,Ghost
100,Ghost
101,Ghost
102,Ghost
104,Ghost
105,Ghost
106,Ghost
108,Ghost
110,Ghost
112,Ghost
114,Ghost
116,Ghost
117,Ghost
120,Ghost
121,Ghost
122,Ghost
123,Ghost
124,Ghost
126,Ghost
127,Ghost
132,Ghost
134,Ghost
135,Ghost
136,Ghost
137,Ghost
138,Ghost
139,Ghost
140,Ghost
144,Ghost
145,Ghost
146,Ghost
147,Ghost
148,Ghost
149,Ghost
150,Ghost
151,Ghost
152,Ghost
153,Ghost
154,Ghost
156,Ghost
158,Ghost
160,Ghost
164,Ghost
166,Ghost
167,Ghost
169,Ghost
171,Ghost
173,Ghost
178,Ghost
179,Ghost
181,Ghost
182,Ghost
183,Ghost
184,Ghost
187,Ghost
188,Ghost
190,Ghost
191,Ghost
196,Ghost
198,Ghost
200,Ghost
201,Ghost
202,Ghost
203,Ghost
207,Ghost
209,Ghost
210,Ghost
211,Ghost
212,Ghost
213,Ghost
214,Ghost
217,Ghost
220,Ghost
221,Ghost
223,Ghost
225,Ghost
228,Ghost
231,Ghost
232,Ghost
234,Ghost
235,Ghost
236,Ghost
238,Ghost
239,Ghost
240,Ghost
241,Ghost
242,Ghost
243,Ghost
244,Ghost
245,Ghost
246,Ghost
248,Ghost
249,Ghost
250,Ghost
251,Ghost
252,Ghost
253,Ghost
254,Ghost
255,Ghost
256,Ghost
257,Ghost
259,Ghost
260,Ghost
267,Ghost
269,Ghost
270,Ghost
271,Ghost
273,Ghost
274,Ghost
275,Ghost
276,Ghost
277,Ghost
278,Ghost
279,Ghost
280,Ghost
281,Ghost
284,Ghost
288,Ghost
289,Ghost
290,Ghost
292,Ghost
295,Ghost
297,Ghost
298,Ghost
303,Ghost
304,Ghost
308,Ghost
309,Ghost
310,Ghost
311,Ghost
312,Ghost
314,Ghost
316,Ghost
317,Ghost
318,Ghost
319,Ghost
320,Ghost
322,Ghost
326,Ghost
328,Ghost
330,Ghost
331,Ghost
332,Ghost
334,Ghost
335,Ghost
337,Ghost
341,Ghost
344,Ghost
345,Ghost
347,Ghost
348,Ghost
349,Ghost
350,Ghost
352,Ghost
353,Ghost
354,Ghost
356,Ghost
357,Ghost
360,Ghost
361,Ghost
363,Ghost
364,Ghost
365,Ghost
370,Ghost
371,Ghost
372,Ghost
373,Ghost
374,Ghost
376,Ghost
377,Ghost
378,Ghost
379,Ghost
380,Ghost
381,Ghost
382,Ghost
383,Ghost
384,Ghost
386,Ghost
388,Ghost
391,Ghost
392,Ghost
395,Ghost
396,Ghost
398,Ghost
400,Ghost
402,Ghost
403,Ghost
405,Ghost
406,Ghost
407,Ghost
408,Ghost
411,Ghost
413,Ghost
414,Ghost
415,Ghost
417,Ghost
418,Ghost
420,Ghost
423,Ghost
424,Ghost
425,Ghost
426,Ghost
430,Ghost
431,Ghost
432,Ghost
433,Ghost
436,Ghost
437,Ghost
438,Ghost
439,Ghost
440,Ghost
441,Ghost
442,Ghost
443,Ghost
444,Ghost
445,Ghost
446,Ghost
449,Ghost
451,Ghost
452,Ghost
453,Ghost
455,Ghost
456,Ghost
457,Ghost
459,Ghost
460,Ghost
461,Ghost
463,Ghost
468,Ghost
469,Ghost
471,Ghost
473,Ghost
474,Ghost
475,Ghost
477,Ghost
478,Ghost
479,Ghost
480,Ghost
483,Ghost
484,Ghost
485,Ghost
486,Ghost
488,Ghost
489,Ghost
490,Ghost
491,Ghost
493,Ghost
496,Ghost
498,Ghost
499,Ghost
500,Ghost
503,Ghost
504,Ghost
505,Ghost
508,Ghost
512,Ghost
513,Ghost
516,Ghost
517,Ghost
519,Ghost
521,Ghost
522,Ghost
524,Ghost
525,Ghost
526,Ghost
527,Ghost
529,Ghost
530,Ghost
531,Ghost
532,Ghost
533,Ghost
535,Ghost
537,Ghost
538,Ghost
539,Ghost
541,Ghost
543,Ghost
544,Ghost
546,Ghost
548,Ghost
550,Ghost
551,Ghost
554,Ghost
555,Ghost
560,Ghost
562,Ghost
563,Ghost
566,Ghost
567,Ghost
568,Ghost
569,Ghost
571,Ghost
572,Ghost
573,Ghost
576,Ghost
577,Ghost
578,Ghost
587,Ghost
588,Ghost
591,Ghost
592,Ghost
595,Ghost
596,Ghost
597,Ghost
599,Ghost
602,Ghost
603,Ghost
605,Ghost
606,Ghost
611,Ghost
612,Ghost
613,Ghost
615,Ghost
618,Ghost
619,Ghost
620,Ghost
622,Ghost
623,Ghost
624,Ghost
626,Ghost
628,Ghost
629,Ghost
633,Ghost
634,Ghost
635,Ghost
636,Ghost
638,Ghost
639,Ghost
640,Ghost
642,Ghost
643,Ghost
644,Ghost
645,Ghost
646,Ghost
648,Ghost
649,Ghost
650,Ghost
652,Ghost
655,Ghost
656,Ghost
657,Ghost
658,Ghost
659,Ghost
660,Ghost
665,Ghost
666,Ghost
668,Ghost
670,Ghost
671,Ghost
672,Ghost
673,Ghost
675,Ghost
681,Ghost
683,Ghost
687,Ghost
689,Ghost
691,Ghost
692,Ghost
694,Ghost
697,Ghost
702,Ghost
703,Ghost
704,Ghost
706,Ghost
707,Ghost
710,Ghost
711,Ghost
712,Ghost
713,Ghost
717,Ghost
718,Ghost
720,Ghost
723,Ghost
724,Ghost
725,Ghost
726,Ghost
730,Ghost
735,Ghost
738,Ghost
740,Ghost
742,Ghost
744,Ghost
748,Ghost
749,Ghost
752,Ghost
755,Ghost
757,Ghost
758,Ghost
759,Ghost
760,Ghost
762,Ghost
763,Ghost
764,Ghost
765,Ghost
767,Ghost
768,Ghost
769,Ghost
770,Ghost
771,Ghost
773,Ghost
774,Ghost
776,Ghost
778,Ghost
780,Ghost
781,Ghost
782,Ghost
783,Ghost
784,Ghost
787,Ghost
788,Ghost
789,Ghost
790,Ghost
791,Ghost
794,Ghost
795,Ghost
796,Ghost
798,Ghost
799,Ghost
800,Ghost
803,Ghost
805,Ghost
806,Ghost
807,Ghost
808,Ghost
810,Ghost
811,Ghost
815,Ghost
816,Ghost
818,Ghost
821,Ghost
822,Ghost
823,Ghost
824,Ghost
825,Ghost
826,Ghost
828,Ghost
830,Ghost
832,Ghost
833,Ghost
834,Ghost
835,Ghost
838,Ghost
842,Ghost
844,Ghost
848,Ghost
850,Ghost
852,Ghost
853,Ghost
854,Ghost
856,Ghost
857,Ghost
859,Ghost
860,Ghost
862,Ghost
863,Ghost
865,Ghost
866,Ghost
868,Ghost
869,Ghost
870,Ghost
871,Ghost
872,Ghost
875,Ghost
876,Ghost
879,Ghost
880,Ghost
881,Ghost
882,Ghost
883,Ghost
884,Ghost
885,Ghost
887,Ghost
888,Ghost
891,Ghost
892,Ghost
893,Ghost
894,Ghost
895,Ghost
898,Ghost
899,Ghost
